<abstract>
<p>It&#x0027;s a great privilege for a representative of United States Steel to be invited to your important conference today. Our industries have a lot in common. We both got started in the 1850&#x0027;s. We&#x0027;re both very capital intensive. We've both learned something about nationalization in Venezuela, and without question, we absolutely depend upon one another.</p>
<p>Steel is in the oil and gas picture all the way from drilling to pumping gasoline into motorists&#x0027; tanks. Steel production on the other hand uses tremendous amounts of energy -- much of it coming from oil and gas.</p>
<p>That&#x0027;s why I&#x0027;ve called this talk &#x0022;Steel and Oil -- Partners in Production&#x0022;. It&#x0027;s important that we put some current focus on this inter-relationship.</p>
<p>As President of my company&#x0027;s Oilwell Division -- an outfit which supplies many of your needs -- I&#x0027;m in a unique position to be responsive to the inter-relationship of steel and oil.</p>
<p>One of my jobs is to advise my bosses as to what your needs will be, short and long-term and to see they are met to the best of our ability.</p>
<p>Our relationship really began in 1859 when the first American oil well was drilled to 59 feet. My colleagues in Pittsburgh observe that 59 feet is only a pretty good gain by Franco Harris of the Super Bowl IX Pittsburgh Steelers. Since then your industry, with the support of the steel industry and a11 of your suppliers, has drilled almost 2.4 million wells in our country with the greatest well depth exceeding 30,000 feet.</p>
<p>The dialogue between the production people of the petroleum industry and the steel industry has waxed and waned with the surges and declines in your activity and the availability of steel. From the perspective of a man with a variety of oil field equipment and some joints of pipe for a very demanding market, I admit there has been much more waxing of the dialogue over the past 18-24 months. This is in sharp contrast to what we previously experienced in the fifteen-year decline in domestic drilling activity.</p>
<p>This is understandable! And, it is also healthy. Two-way communications between the members of our two industries are essential in producing steel, equipment, and services that oil and gas people need.</p>
<p>Let&#x0027;s talk about the current steel situation and the prospects for the longer-term.</p>
<p>The year 1974 was somewhat paradoxical for the steel industry. Shipments to the largest regular purchaser of steel from the mills, the automotive industry, were off about 25 percent from 1973. This, along with softness in appliances and residential and light commercial construction would have suggested possibly that steel would be fairly available. However, supply remained tight, reflecting great strength in the steel intensive capital goods market. One of the sustaining elements of the 1974 steel market was the tremendous demand from the oil and gas industry and other energy-related markets.</p>
</abstract>