<abstract>
<sec>
<title>ABSTRACT</title>
<p>A research project on multiphase fluid flow at The University of Tulsa is sponsored by the American Petroleum Institute, Division of Production, to improve the reliability of using velocity-type subsurface safety valves for emergency well fluid containment in offshore producing wells. The research results will give improved prediction methods for estimating both the well production rates which are necessary to close the flow-controlled valves (closing rates) and also pressure drops across the valves for different well conditions. The project was initiated by request of the API Committee on Offshore Safety and Anti-pollution Research in June, 1973, and is scheduled for completion in late 1975. Initial activity of the API Advisory Committee and University research staff concentrated on project planning and building the experimental flow system. Preliminary full-scale flow tests using the completed high-capacity, high-pressure flow system have been performed on chokes and simulated safety valve flow channel geometries. The experimental data show the importance of multiphase flow phenomena for accurate closing rate prediction. The final data correlation will be incorporated into the API computer program used to select choke and spring sizes of velocity-type subsurface safety valves for individual producing wells.</p>
</sec>
<sec>
<title>INTRODUCTION</title>
<p>Subsurface safety valves (SSSVs) are required by law in most offshore producing wells. The purpose of the valves is to shut off flow in the production tubing below the mudline in the event disasters, such as explosions or fires, disable surface shutdown devices.</p>
<p>The velocity-type SSSV, which is a flow-controlled valve, is the most predominantly used subsurface safety valve today in the Gulf of Mexico. Even though the use of velocity type valves is decreasing as a result of governmental regulation, they will continue to be used in thousands of existing offshore wells for a number of years. Recognition of the continuing importance of velocity-type SSSVs to industry safety and anti-pollution efforts resulted in the BPI Committee on Offshore Safety and Anti-pollution Research (OSAPR) initiating and sponsoring the fluid flow research project at the University of Tulsa.</p>
<p>The fluid flow research will give improved prediction methods used to select correct sizes of valve chokes and springs for specific well conditions so that the valve will close at a predetermined well fluid production rate. The consequences of incorrect valve sizing are either premature closures which result in lost production and operator expense or loss of protection from using a valve which cannot be closed by well flow rates corresponding to disaster conditions.</p>
</sec>
<sec>
<title>EARLY PROJECT PLANNING</title>
<p>Initial efforts in the research program began in 1973 to compile all applicable industry information on velocity type SSVs which could be of use in planning the experimental program. Several meetings were held between University staff and representatives of numerous offshore operators and valve manufacturers. A Project Advisory Committee made up of four industry representatives knowledgeable in fluid flow was appointed to provide continuous industry guidance to the University research staff. Statistical information on Gulf of Mexico SSSV usage developed by the United States Geological Survey (USGS) was also reviewed to determine testing priorities.</p>
</sec>
</abstract>
