<abstract>
<p>Erosion of production equipment by sand produced with oil and gas continues to be a major operating problem in many respects, both in terms of cost of equipment replacement and in terms of the risk of pollution and/or fire caused by flowline or equipment failures. This problem has become even more significant recently with increasing emphasis on maximum production to meet the energy crisis and the requirement to protect the environment.</p>
<p>Industry groups recognizing the importance of the sand erosion problem agreed to support an API research project to study the overall problem with the goal of determining what can be done to reduce the effects of erosion to a minimum. Texas A and M University Research Foundation was engaged by the API to undertake this study. The study was assigned by A &#x0026; M to Dr. P. D. Weiner assisted by Dr. Glen Tolle. The project included two basic approaches: The first consisted of an industry practice review by personal interviews with operating people and an industry questionnaire. The second approach included laboratory evaluation and tests by exposing various items of equipment to a compressed air stream carrying varying amounts of abrasive sand.</p>
<p>The industry practice review was completed and the results have been reported to the API. This portion of the study, which revealed few new or novel practices that could be proposed for reducing the erosion problem, served to emphasize the importance of proceeding with laboratory experiments with the objective of:
<list list-type="number">
<list-item><p>Determining the effects of geometry of production fittings on the rate sand erosion.</p></list-item>
<list-item><p>Determining the erosion characteristics of various flow velocities and the effect of varying amounts of sand in the flow stream.</p></list-item>
<list-item><p>Correlating the erosion rates of sand detection devices to the loss of metal from production fittings.</p></list-item>
<list-item><p>The major effort of the second phase of this project, until early 1975, was devoted to developing and testing various items of laboratory equipment and test procedures for carrying out this work. Substantial changes were required for both before we were satisfied that usable and repeatable data could be obtained.</p></list-item>  
<list-item><p>This paper was prepared to briefly describe the equipment and procedures currently being used for conducting sand erosion tests,</p></list-item>
<list-item><p>give a progress report of the laboratory results of tests to date, and</p></list-item> 
<list-item><p>discuss the work proposed for the remainder of 1975.</p></list-item>
</list></p>
<sec>
<title>EVALUATION OF SAND EROSION ON EQUIPMENT</title>
<p>The following is a discussion of the equipment and procedure used in conducting sand erosion tests of oilfield equipment.</p>
<sec>
<title>Erosion Testing Equipment</title>
<p>A laboratory air flow facility shown schematically in Figure 1 was designed and built for use in determining the rate of metal loss of fittings, chokes, and related equipment. This facility is shown in Figure 2. The piping system is connected to a 315 CFM,100 psi air compressor. The system presently includes 2- inch steel piping with three ells, which are the fittings used for determining the rate of sand erosion. A hopper is installed on the piping system at the air inlet end to meter sand by gravity into the air.</p>
</sec>
<sec>
<title>Sand Probes</title>
<p>As shown, sand probes are installed in the manifold. The probes, shown in Figure 3, are assembled with a pressure gauge and means for introducing and maintaining air pressure within until a hole is eroded through the probe tube wall. This serves as an indicator to the operator that the probe has failed. A heater is used to remove all moisture from the sand to aid in uniform metering of the sand into the air stream.</p>
</sec>
</sec>
</abstract>

