<abstract>
<sec>
<title>Definitions</title>
<p>The purpose of this paper is to define the true position of acreage and sand thickness as factors in the proration of oil and gas. To do this, it is first necessary to understand what proration is. Webster&#x0027;s dictionary states that the word &#x0022;prorate&#x0022; is derived from the Latin words &#x0022;pro rata&#x0022; The following definitions are of interest:</p>
<p>&#x0022;Pro rata&#x0022; is defined as: &#x0022;According to a certain part, in proportion, proportionally; according to share, interest, or liability of each.&#x0022;</p> 
<p>&#x0022;Prorate&#x0022; is defined as: &#x0022;To divide or distribute proportionally; to assess pro rata.&#x0022;</p> 
<p>&#x0022;Proration&#x0022; is defined as: &#x0022;The act of or an instance of proration.&#x0022;</p> 
<p>In each case the definitions are quoted directly from Webster&#x0027;s unabridged dictionary. The meanings given are the only ones given by Webster for the three words referred to.</p> 
<p>The proper meaning of the word &#x0022;proration&#x0022; is thus established. It means the act of or an instance of dividing or distributing proportionately. This proportionate division of the allowable oil production is what nearly all of us have had in mind as a fair method of allocation in the production of oil and gas. While this proportionate, fair or equitable, division of the consumer demand has been the allocation desired, the result in most so-called proration plans has been something quite different.</p>
<p>The purpose of this paper also requires an understanding as to the reasons for the proration of oil and gas production. The primary reason for proration is the need for limiting the amount produced so that it equals consumer demand. An additional and closely related reason for proration is the need to prevent waste. In view of the meaning of the word &#x0022;proration,&#x0022; and the desirability of proration in oil and gas production, it is clear that any limitation of production which is not made proportional to the share, or interest, of producers is not proration at all. Unless the restriction is made proportional to each operator's interest in producing property, it simply is not proration.</p>
</sec>
<sec>
<title>Standard of Measures</title>  
<p>Since proration must be proportional to share, or interest, it is clear that the size of the various shares, or interests must be measured either absolutely or relatively. This is necessary in order to establish the proportionate share of the allowable for each operator. What standards must be used in measuring these shares or interests? It is assumed that this must be done in accordance with the factors which determined values at the time restriction of production began and prior thereto. The guiding principles come from the experience of the industry before proration. Thus the share, or interest, or the factors determining such share or interest, which any operator was assured of when the industry operated without restraint as to number of wells drilled, or as to rate of production, becomes the true measure of his proration allowance. If these cannot be fixed in detail-and it must be conceded that they cannot-there is much to recommend that the average result of such method of operation be taken as the new standard of values.</p> 
</sec>
</abstract>