<abstract>
<p>&#x0022;Please Note: The last page of the document is currently unavailable. The file can be downloaded free of charge due to the omission.</p>
<sec>
<title>ABSTRACT</title>
<p>New methods that have time-saving potential are in demand for offshore operations Short-arc welding was introduced to the offshore petroleum industry nearly 3 years ago, and is now accepted as a time-saving process for the drilling program This paper outlines the history, theory, and current use of short-arc welding. The paper discusses advantages and limitations of the process, and presents a comparison between the short-arc and stick-weld process for offshore pipe-driving jobs A tune saving of up to 50 percent can be realized with the short-arc process.</p>
</sec>
<sec>
<title>INTRODUCTION</title>
<p>Offshore operators are constantly seeking new methods that will allow cost reductions in offshore drilling operations Although some methods appear to have an insignificant effect on an individual job, an annual accumulation of the savings becomes very pronounced Such is the case with short-arc welding offshore</p>
<p>The introduction of this method of welding to industry has been a slow process of familiarization New welding processes have inherently had slow acceptance among industry The short-arc process was introduced approximately 5 years ago and became accepted in the oil industry about 3 years ago The process is now becoming popular in nearly all phases of the industry</p>
</sec>
<sec>
<title>THE METHOD</title>
<p>Short-arc welding is a method of MIG welding &#x0022;MlG&#x0022; is short for &#x0022;metal inert-gas&#x0022; It is also referred to as &#x0022;gas metal-arc welding &#x0022; The process consists of feeding a continuous consumable wire electrode at controlled speeds through a gas-shielded torch The process involves a series of periodic short circuits that occur as the molten tip of the advancing wire contacts the metal. When the electrode touches the work piece, a pinch force breaks the electrode tip and a small drop of molten metal deposits on the weld puddle. The process is illustrated in Fig 1 through 5 The Inert gas is fed onto the weld to protect it from contamination. The term &#x0022;short arc&#x0022; refers to the arc length used in the process.</p>
<p>The arc length is defined as the distance between the end of the electrode and the surface of the work piece Optimum arc length depends upon the size and type of the electrodes, material to be welded, and the amount of welding heat necessary The arc length affects arc stability</p>
<p>Arc stability is generally proportional to arc length A long arc moves over a large area on the plate, causing the arc flame to fluctuate rapidly This action increases the opportunity for air to make contact with the metal passing from the electrode to the plate Oxygen and nitrogen, both of which are detrimental to the weld quality can be absorbed as a result of arc instability.</p>
</sec>
<sec>
<title>EQUIPMENT</title>
<p>Standard equipment for the short-arc process consists of a portable wire feeder, shielding gas, a gas regulator, a 60-deg curved-head torch, wire, and a power supply</p>
</sec>
<sec>
<title>Gas</title>
<p>The shielding gas is usually composed of 80 percent CO<sup>2</sup> and 20 percent argon pre-mixed in cylinders of 379 cu ft capacity.&#x0022;</p>
</sec>
</abstract>