<abstract>
<p>&#x0022;&#x0026;nbsp;</p>
<sec>
<title>FOREWORD</title>
<p>The work of this committee is sponsored by the Central Committee on Drilling and Production Practice, under authorization of the General Committee of the Division of Production of the American Petroleum Institute. Its purpose is to develop and suggest the principles and factors that should be considered and applied in allocating production between tracts in restricted pools, It is realized that producing reservoirs vary from each other; nevertheless, it is believed all are sufficiently similar to render possible the application of certain general fundamental principles. This is merely a progress report. It is yet only tentative, and presents the majority opinion of the topical committee as developed to date. It has not been submitted to the governing body of the Institute. Suggestions and comments are invited. It is supplemented by papers prepared by individual committee members, discussing in some detail the more essential features contained herein.&#x0026;nbsp;</p>
</sec>
<sec>
<title>AIMS</title>
<p>Primary consideration should be given to the appropriate balancing of the following general aims:</p>
<p>&#x0026;nbsp;
<list list-type="number">
<list-item><p><bold>Maximum economic recovery of oil from each pool should be obtained.</bold></p></list-item>
<list-item><p><bold>Equity should be maintained between the productive tracts.</bold></p></list-item>
<list-item><p>&#x0026;nbsp;</p></list-item>
<list-item><p>&#x0026;nbsp;</p></list-item>
<list-item><p>&#x0026;nbsp;</p></list-item>
</list></p>
</sec>
<sec>
<title>PROBLEM</title>
<p>When a pool is producing without restriction, lease operations are under the control of the operators who may produce as they please to protect their interests. We are not now concerned in this report with whether, irrespective of waste, the courts or the legislature should undertake to regulate production to protect the property rights of each producer. Proration certainly limits this right of self-protection. A sound allocation plan, a t least to a fair degree, must substitute protection for the curtailment it imposes upon individual enterprise. The problem is to determine the nature of the protection and the method of its application to balance properly maximum economic recovery and equity.</p>
</sec>
<sec>
<title>APPROACH</title>
<p>Before the advent of restriction, and according to some of the legal decisions and in view of the facts proved or assumed therein, an operator protected his lease when he offset his neighbors&#39; wells and produced his oil as his judgment might guide him. This method of protection is not available when restriction is imposed. The committee has developed principles and factors which, when applied to a restricted pool, probably per- Init operators involved to enjoy approximately the same degree of participation in production from the pool as would have resulted by prudent and diligent operation under unrestricted flow-with probably greater protection from drainage and damage from neighboring leases. The distribution of the oil is also affected to some extent, as curtailment may modify degree of water encroachment, expansion of gas cap, and relation between oil and gas production under a program of conservation of reservoir energy. Equity between tracts in a restricted pool can be procured by assigning to each tract an allowable which bears the same relationship to the total allowable of the pool as the reserves under that tract, recoverable by applying the principles and factors outlined in this report, bear to the reserves of the pool as a whole recoverable under the same conditions.&#x0022;</p>
</sec>
</abstract>