<abstract>
<p>It is an honor to be invited and a pleasure to take part in this Division of Production meeting of the American Petroleum Institute. As one who has spent a good part of the last year in the nation&#x0027;s capital, I can tell you that the good news there is all bad, and the bad news is horrible.</p>
<p>If the political relations of this industry keep deteriorating at the present accelerating pace, a year from now we may quit having meetings and just hold a wake.</p>
<p>The political storm that has confronted the petroleum industry reminds me of the story of the farmer up near McKinney whose wife made him go to the storm cellar every time a small cloud appeared. This happened almost daily for years on end, and he grumbled about it but to no avail. The cloud always seemed to pass and all that happened was that he lost some sleep.</p>
<p>Finally the big event did happen: a tornado struck, wiping out his house and barn and blowing his tractor a quarter mile into a neighboring wheat field. When calm was restored, the old farmer raised the storm door, looked all around, and said, &#x0022;Now by golly, that&#x0027;s the way she ought to look when you come out of a storm cellar&#x0022;.</p>
<p>Since the Arab embargo, the oil and gas producing industry has been under a dark cloud of political uncertainty that has threatened to reduce the industry to a shamble. In the 93rd Congress, the cloud passed without doing any great damage, only to be followed by a more ominous one in the 94th. If Congress indeed does all the things it is threatening to do, and it has made a real start by dismantling the industry's tax incentives, the domestic petroleum industry will indeed be laid waste.</p>
<p>There are many in the political community, and even among some of the so called consumer and &#x0022;public interest&#x0022; groups, who will declare &#x0022;that&#x0027;s the way she ought a look&#x0022;. But there is no way that an industry reduced to an economic basket case can attract the investment and conduct the massive exploration, research, development and production programs needed to restore our self-sufficiency as to energy.</p>
<p>I am not telling you anything new as I point out that when it became profitable again some 18 months ago, oil exploration began a dramatic upswing. Yet you, as producers, realize that we are still facing problems of massive magnitude.</p>
<p>The recession, or depression, or stagnification--whatever label you care to use--may have come as a boon to us when viewed from one angle. Had not the nation's productivity dropped, the energy crunch might have been a great deal worse. When productivity increases, use of petroleum products is going to increase, requiring increased production of petroleum fuels, oil and gas, to feed the industrial giant which is going to reawaken.</p>
<p>Just last month, less than three weeks ago, the national media reported that the nation&#x0027;s industrial facilities were being utilized at only 78 per cent of capacity. In other words, almost one fourth of the nation's assembly lines or factories and plants were idle. Unemployment continues to rise, and few are the experts who have made a connection between this fact and the availability - or unavailability - of energy.</p>
<p>When industrial capacity does start an upswing, more and more petroleum products are going to be needed. We can fuel the economic recovery that everybody wants, however, only if we substantially increase imports of OPEC oil - which nobody wants. If anybody is thinking ahead to what it will take in increased energy supplies to get the economy humming again, they certainly are not having much luck getting that story across to Congress.</p>
</abstract>
