<abstract>
<sec>
<title>INTRODUCTION</title>
<p>Deep geological horizons offer at least one potential source for oil and gas supplies so urgently needed for the world market. The industry has been interested in deep prospects for many years as demonstrated by the increase in deep well drilling activity during the 1950&#x0027;s and 1960&#x0027;s. In 1974, 446 wells costing more than $650 million were drilled to depths in excess of 15,000 feet, and 65 of these were drilled deeper than 20,000 feet at a cost of $170 mi1lion. <sup>l</sup> Deep well programs are underway in the various parts of the United States Canada, <sup>2-5</sup> Southern France, Northern Italy, Germany, Austria, and Russia. <sup>6-9</sup></p>
<p>Deep wells in the past have encountered pressures in excess of 22,000 psi, temperatures above 550 F, acid gases, saltwater, and sulfur. These factors create very hostile environments that challenge available equipment and technology and significantly increase already spiraling well costs.</p> 
<p>The drilling segment of the industry has demonstrated the capability of drilling below 30,000 feet by setting a new depth record o 31,441 feet during 1974 in Lone Star Producing Company&#x0027;s Bertha Rogers No. 1. <sup>10</sup> Wells of this type are not drilled without considerable difficulty and expense, especially when hydrogen sulfide is encountered.</p> 
<p>Drilling and production experience with the very high pressured (greater than 15,000 psi bottom hole pressure) deep sour gas is somewhat limited within the industry , the most notable example being Shell&#x0027;s activity in the Thomasville, Southwest Piney Woods and Piney Woods fields in Mississippi. <sup>11-15</sup> Prior to the discovery of the Thomasville field In 1969, sustained production of high pressure sour gas had not been proven beyond a short test by Phillips Petroleum Company in their Josephine &#x0022;A&#x0022; well.<sup>16</sup></p> 
<p>The 13,830 psi bottom hole pressure encountered in this well was considerably below the 17,500 psi found at Thomasville. Shell&#x0027;s production experience spans a two and one half year period during which some very difficult completion and production problems have been resolved. Of particular interest is the Ridgway Management No. 1 well in the Southwest Piney Woods field. Completion of this well was deferred over two years in order to obtain thick wall sulfide cracking resistant casing, a 30,000 psi working pressure wellhead, and other equipment necessary to handle the expected high pressures and corrosive production.</p>
<p>The technology and equipment for meeting the challenge of these adverse producing environments are being developed as the environments become defined. As more companies have become involved the pace of development has been increasing. Extreme care must now and always be taken in the design, materials selection, and above all, quality control for equipment to be used in high pressure sour service.</p>
</sec>
<sec>
<title>DEEP MISSISSIPPI PRODUCING ENVIRONMENT</title>
<p>The wells in the Thomasville, Piney Woods, and Southwest Piney Woods fields are completed in the Smackover formation between 19,700-22,250 feet.</p>
</sec>
</abstract>